COMID,x,y,row,col,zone_id,lin_area_km2,lin_width_m,lin_depth_m,lin_Q2_m3s,d4_area_at_point_km2,nearest_d4_area_km2,nearest_d4_distance_m,zone_boundary_distance_m,in_grid,area_ratio_lin_to_nearest_d4,basic_valid,passes_distance,passes_area_ratio,passes_boundary,calibration_valid,fit_area_km2
45084315,326560.67195349955,2099375.076376246,-1,-1,0,231.01300818664646,105.22644,1.7178988456726074,167.24179499178214,,,,,False,,False,False,False,False,False,
45084325,331015.9429787598,2099661.1899648276,-1,-1,0,103.90614509172384,77.0022,0.7948350310325623,81.7704526121452,,,,,False,,False,False,False,False,False,
45085905,403259.2017540108,2059719.7284161625,1299,2587,0,2339.317714895794,145.74677,2.3703887462615967,356.91401289121904,0.0,5.039100170135498,7614.32861328125,4231.70166015625,True,464.2332233758495,False,False,False,True,False,5.039100170135498
45085908,393998.7309005093,2069591.6885891068,970,2279,0,1132.2687569231152,79.6831,1.9870073795318604,194.1663549665724,0.0,974.8377075195312,4201.0712890625,2366.199462890625,True,1.1614946243761604,False,True,True,True,False,974.8377075195312
45085910,386470.2074869406,2078559.9633890186,671,2028,0,652.4752007993831,88.643776,1.1218045949935913,123.03028669987387,0.0,5.13539981842041,11746.90625,8662.107421875,True,127.05441131554912,False,False,False,True,False,5.13539981842041
45085912,380239.5316002566,2086065.9704708203,421,1820,0,509.1219773892838,88.91589,1.2039575576782227,107.31328518850194,0.0,5.210100173950195,13545.45703125,10239.1015625,True,97.71827035779958,False,False,True,True,False,5.210100173950195
45085914,376877.02741523914,2092385.9965867896,210,1708,0,412.8078784067186,79.6706,1.1543630361557007,102.91091894530686,0.0,5.210100173950195,17703.685546875,14895.1435546875,True,79.23223443393715,False,False,True,True,False,5.210100173950195
45085916,370806.44129521685,2098110.0838786843,19,1506,0,310.8371133807832,92.34788,0.8360599279403687,105.70686387313073,0.0,5.544000148773193,20020.791015625,17206.509765625,True,56.067298888793665,False,False,True,True,False,5.544000148773193
45086032,409721.6313819156,2048853.985704576,-1,-1,0,2634.8475708525807,150.46958999999998,2.9459097385406494,302.9207068335278,,,,,False,,False,False,False,False,False,
45086033,405010.5391006331,2048411.0545633975,1676,2646,38,2490.979151419387,194.25954,1.366716980934143,314.0209513432516,0.0027000000700354576,2498.134521484375,90.0,30.0,True,0.9971357146689057,True,True,True,True,True,2498.134521484375
45086034,401766.98740250274,2049182.3808463714,1650,2538,33,2433.651866835089,118.20658,2.1509079933166504,310.7061413691127,0.006300000008195639,8.12339973449707,210.0,2357.05322265625,True,299.5853886766486,True,True,False,True,False,8.12339973449707
45086035,398376.0692261184,2047223.9857710996,1716,2425,48,2361.818708698394,161.88565,1.8958942890167236,306.05504766249095,0.017100000753998756,2365.505126953125,150.0,990.4544677734375,True,0.998441593631429,True,True,True,True,True,2365.505126953125
45086036,395839.7298524713,2046435.0909918295,1742,2340,44,2310.21739863703,155.40303,2.310145854949951,305.9249926893853,0.03689999878406525,2302.09912109375,161.55494689941406,904.4888305664062,True,1.0035264674178854,True,True,True,True,True,2302.09912109375
45086038,391754.83504969615,2050123.2717945804,1619,2204,32,2237.093341751565,138.8536,2.3599801063537598,309.8709092207335,1.2167999744415283,2202.805908203125,60.0,1621.1107177734375,True,1.0155653448271387,True,True,True,True,True,2202.805908203125
45086040,386254.31420695054,2050086.4128400462,1620,2020,29,2100.445790246174,181.54832,1.7038651704788208,320.8743939085502,0.0044999998062849045,2102.594482421875,30.0,1116.4676513671875,True,0.9989780758041247,True,True,True,True,True,2102.594482421875
45086042,381728.9114317537,2050505.5636028578,1606,1870,34,2055.526043777261,160.18704,1.6205281019210815,321.81309183603264,0.065700002014637,2048.302734375,120.0,878.2368774414062,True,1.0035264852607175,True,True,True,True,True,2048.302734375
45086043,378543.73759919195,2048197.4624146062,1683,1763,42,739.0291050204687,114.54795,0.9743518829345703,97.8259126008598,732.3687133789062,732.3687133789062,0.0,600.0,True,1.0090943148169638,True,True,True,True,True,732.3687133789062
45086045,376126.0850179417,2044429.085097637,1809,1683,50,683.0592631182471,109.38718999999999,1.0670156478881836,94.69425720679159,673.3773193359375,673.3773193359375,0.0,1376.7352294921875,True,1.0143781851634945,True,True,True,True,True,673.3773193359375
45086050,368609.0177163353,2038487.779365045,2007,1432,59,623.4436767177027,112.68465,0.8477429151535034,88.0402447903097,0.015300000086426735,551.7548828125,330.0,780.0,True,1.1299286986637584,True,True,True,True,True,551.7548828125
45086283,381091.1045420072,2053509.9498422362,1506,1848,24,1299.3409788843735,129.1171,1.8219472169876099,225.53034716882718,0.03060000017285347,1256.4405517578125,30.0,1982.952392578125,True,1.0341444146056424,True,True,True,True,True,1256.4405517578125
45086294,374797.4978916515,2053478.3801867804,1507,1639,26,728.9128707975946,120.88819,1.8819115161895752,154.87880732902354,716.2506103515625,716.2506103515625,0.0,697.7822265625,True,1.0176785335510108,True,True,True,True,True,716.2506103515625
45086296,385333.98327659204,2063311.475583786,1179,1990,13,982.3971834123503,89.83335,2.1805500984191895,210.7871576406181,0.0414000004529953,879.61767578125,241.86773681640625,3895.95947265625,True,1.1168456597234868,True,True,True,True,True,879.61767578125
45086339,366706.48496813077,2053828.8720714338,1495,1369,35,664.7958093599103,91.942245,1.9322190284729004,168.14603143320056,0.00989999994635582,603.5076293945312,42.42640686035156,4122.57177734375,True,1.1015532811521644,True,True,True,True,True,603.5076293945312
45086342,372367.35762426414,2060050.7514550614,1288,1558,18,502.5265830205906,77.7474,1.4853661060333252,111.59272587583635,0.008100000210106373,433.6299133300781,60.0,2812.330078125,True,1.158883572310355,True,True,True,True,True,433.6299133300781
45086360,363757.0444312321,2063686.555151795,1167,1271,16,325.6447357296368,112.21433999999999,3.577270269393921,81.40880692829579,317.7423095703125,317.7423095703125,0.0,465.7252502441406,True,1.0248705505099742,True,True,True,True,True,317.7423095703125
45086361,360495.1250333231,2050350.1573929947,1611,1162,30,512.2050342896548,112.21087,1.58390212059021,157.09761431914572,0.0027000000700354576,502.73638916015625,90.0,1035.7606201171875,True,1.0188342147766871,True,True,True,True,True,502.73638916015625
45086370,364341.23388430726,2069884.8259178363,960,1290,12,670.3740757406506,113.56844,1.9514480829238892,226.68615240521072,601.527587890625,601.527587890625,0.0,2704.16357421875,True,1.1144527520199852,True,True,True,True,True,601.527587890625
45086376,357949.50579609635,2074795.285330713,797,1077,9,529.5502303505464,191.26332,4.327326774597168,192.8041433736062,519.7968139648438,519.7968139648438,0.0,366.1966552734375,True,1.0187639018240737,True,True,True,True,True,519.7968139648438
45086385,356677.73391051,2050101.8621226035,1620,1035,28,444.2636530276484,114.47287,1.390710711479187,145.58832788505214,0.011699999682605267,426.2669982910156,90.0,1636.856689453125,True,1.0422192072311127,True,True,True,True,True,426.2669982910156
45086412,352759.81234514783,2048932.8093739157,1659,904,37,336.08565830681437,134.18271000000001,1.4256534576416016,128.25803724083605,0.8522999882698059,326.7539978027344,60.0,1129.690185546875,True,1.0285586727839016,True,True,True,True,True,326.7539978027344
45086448,400276.3931984052,2076979.109071203,724,2488,0,228.3086199759932,82.50697,0.27089014649391174,16.31581364866194,0.0,976.968017578125,13282.9208984375,12018.0244140625,True,0.23369098667320098,False,False,True,True,False,976.968017578125
45086486,347267.8682639539,2049806.1771156183,1629,721,36,295.7190131491297,158.27362,0.6182465553283691,107.64686165917068,0.0027000000700354576,273.5154113769531,60.0,2343.074951171875,True,1.0811786131552785,True,True,True,True,True,273.5154113769531
45086507,352434.46451407194,2076779.3720746695,730,893,8,308.00003342790774,117.49968,1.099097728729248,127.6374668166545,0.01080000028014183,275.7051086425781,30.0,1492.1795654296875,True,1.1171357503831985,True,True,True,True,True,275.7051086425781
45086540,340747.42089492566,2050413.0542389958,1609,504,25,183.50330350817865,132.37082,1.3019434213638306,78.58622080094722,0.06390000134706497,160.4340057373047,450.9989013671875,993.1766967773438,True,1.1437930672169823,True,True,True,True,True,160.4340057373047
45086630,323889.7416921895,2091372.694072177,-1,-1,0,157.69010687264375,83.45598000000001,1.2030988931655884,111.79074294653341,,,,,False,,False,False,False,False,False,
45086638,336990.1345032257,2053266.393898562,1514,378,25,135.38443074473713,112.1532,2.194352388381958,60.63780618934383,0.1907999962568283,7.2692999839782715,60.0,2637.612548828125,True,18.624135892469422,True,True,True,True,True,7.2692999839782715
45086655,352480.1508917986,2067543.321303241,1038,895,15,267.7079940588676,93.33203,0.9106406569480896,75.34893789347328,0.13770000636577606,210.71609497070312,60.0,1707.6298828125,True,1.2704677072536312,True,True,True,True,True,210.71609497070312
45086706,350843.8754127973,2084180.2158680977,484,840,3,219.52393841590717,131.7101,0.6098484396934509,75.08532003670301,0.007199999876320362,153.1278076171875,30.0,1663.8509521484375,True,1.4335994345632306,True,True,True,True,True,153.1278076171875
45086784,324541.48691205203,2039641.4286838132,-1,-1,0,106.93872167395008,73.93935,0.5985726714134216,55.695986984495896,,,,,False,,False,False,False,False,False,
45086794,340989.27790954045,2044600.304745621,1803,512,52,65.97847300603108,69.877,0.7202457189559937,33.854790267117075,0.017999999225139618,54.22949981689453,483.7354736328125,1603.8079833984375,True,1.2166528038946858,True,True,True,True,True,54.22949981689453
45086816,403414.4141485418,2046801.250033862,1730,2592,33,29.846456542483274,115.4217,0.02761053293943405,0.633516597785686,0.0008999999845400453,6.401700019836426,30.0,450.0,True,4.662270404736319,True,True,True,True,True,6.401700019836426
45086849,350543.43303879595,2048310.8078493655,1679,830,39,30.55429145609705,75.04569000000001,0.102597676217556,4.416642523847759,30.641399383544922,30.641399383544922,0.0,189.73666381835938,True,0.9971571818128303,True,True,True,True,True,30.641399383544922
45086957,357245.04043741996,2053634.833892018,1502,1053,22,54.19490573325882,81.66325,0.16609542071819305,9.90218735392587,0.0008999999845400453,45.84960174560547,60.0,1368.21044921875,True,1.1820147541075037,True,True,True,True,True,45.84960174560547
45086991,331601.8950058738,2054826.1453659595,1462,199,21,78.44506267012768,70.24123399999999,0.8115935921669006,48.9744990628761,0.012600000016391277,53.361000061035156,174.92855834960938,1318.9769287109375,True,1.4700823181799625,True,True,True,True,True,53.361000061035156
45087023,360788.19671840884,2059885.0250645706,1294,1172,20,59.79713457097778,82.487656,0.19577863812446594,11.33507508306638,0.008999999612569809,46.300498962402344,30.0,1317.9530029296875,True,1.291500867399619,True,True,True,True,True,46.300498962402344
45087024,340486.24549912085,2062979.806687387,1190,495,19,59.02349773302763,91.612404,0.2953120172023773,30.75542787807151,1.6541999578475952,18.700199127197266,390.0,1376.4083251953125,True,3.1563031672312416,True,True,True,True,True,18.700199127197266
45087130,337591.82649138215,2066585.688982128,1070,398,14,54.974795953785076,195.2779,1.3613144159317017,35.08673280852539,0.023399999365210533,41.697898864746094,300.0,400.2499084472656,True,1.3184068610292512,True,True,True,True,True,41.697898864746094
45087227,340621.35483523936,2074026.3309488043,822,499,11,126.8250920778976,70.54053,1.253470778465271,69.70524316398445,74.341796875,74.341796875,0.0,3019.735107421875,True,1.7059729171080464,True,True,True,True,True,74.341796875
45087321,341319.67245112883,2080200.2526651227,616,523,5,40.25316536095071,218.49031000000002,0.1964331418275833,30.09180145835732,33.49980163574219,33.49980163574219,0.0,1243.1009521484375,True,1.2015941407247948,True,True,True,True,True,33.49980163574219
45087380,342117.6657579212,2082135.2016667626,552,549,4,52.51009126068267,69.1259,0.47099363803863525,31.11496357313702,0.027899999171495438,8.661600112915039,120.0,531.6013793945312,True,6.062400777702324,True,True,True,True,True,8.661600112915039
45087459,375261.5899597778,2089258.0809296821,314,1654,0,47.02792857559896,108.65053,0.09970928728580475,6.145498814296952,0.0,5.210100173950195,14268.556640625,11514.5302734375,True,9.026300264001126,False,False,True,True,False,5.210100173950195
45087470,342899.2678718128,2090978.6004170422,257,575,2,25.347846509469466,162.0966,1.160143494606018,18.582767696977008,0.066600002348423,21.41550064086914,240.0,300.0,True,1.1836214774776674,True,True,True,True,True,21.41550064086914
45087488,343047.9981583777,2091750.2835576585,231,580,1,33.892534955878055,82.26333000000001,0.20180927217006683,15.050349321684205,0.011699999682605267,33.760799407958984,30.0,120.0,True,1.003902026913735,True,True,True,True,True,33.760799407958984
45087518,393376.55140791304,2087762.3339736497,364,2258,0,144.93778320118966,79.49217,0.18963086605072021,10.635500628159024,0.0,5.022900104522705,22103.017578125,19727.50390625,True,28.85539831275665,False,False,True,True,False,5.022900104522705
45087532,368353.57213784585,2082141.4533929224,552,1424,0,396.7890234960134,69.639,0.7872905731201172,57.74959948644507,0.0,18.772199630737305,5531.7265625,2401.68701171875,True,21.13705539580547,False,False,True,True,False,18.772199630737305
45087534,326800.75362005894,2096560.5388730068,71,39,0,32.1452309685442,86.94019,0.4046933054924011,25.776289347319906,0.0,5.0121002197265625,13082.3740234375,10887.974609375,True,6.413525180926629,False,False,True,True,False,5.0121002197265625
45087930,361009.2619721334,2034206.8917499408,2149,1179,62,432.21308412268615,130.8787,1.1369367837905884,79.9927845659809,0.006300000008195639,426.71429443359375,60.0,954.829833984375,True,1.0128863498617766,True,True,True,True,True,426.71429443359375
45087961,353785.1772022103,2040756.6362394649,1931,938,54,132.2147962760081,59.02364300000001,0.37164732813835144,21.23916620159539,0.006300000008195639,82.80000305175781,30.0,2133.588623046875,True,1.596796997620415,True,True,True,True,True,82.80000305175781
45088203,357588.3499716599,2033749.0599330098,2165,1065,64,287.73324376725736,117.30694,0.817733108997345,73.45421058416451,0.0044999998062849045,283.726806640625,212.1320343017578,1531.176025390625,True,1.0141207564208305,True,True,True,True,True,283.726806640625
45089065,359010.969212691,2023779.4069325975,2497,1112,0,123.68105065505536,59.485434999999995,0.3178710639476776,14.37372138351382,0.0,7.765200138092041,6010.19140625,3329.45947265625,True,15.927606301908476,False,False,True,True,False,7.765200138092041
45089105,347591.2440867168,2029512.8898177077,2306,732,66,120.58575517075118,62.23574,0.4947424530982971,27.489775727489718,0.02969999983906746,8.212499618530273,240.0,1843.963134765625,True,14.683197658684515,True,True,True,True,True,8.212499618530273
45089127,392846.9271696639,2028372.6392754258,2344,2240,0,81.77651433706761,89.05834,0.08042241632938385,3.066474720489461,0.0,5.1921000480651855,8898.73046875,6865.47900390625,True,15.750180770792598,False,False,True,True,False,5.1921000480651855
45089158,320328.3597682125,2029887.1629508678,-1,-1,0,169.99601907998698,87.95923,0.8615444898605347,95.9433530788853,,,,,False,,False,False,False,False,False,
45089208,346593.9987325386,2032974.0941590385,2191,698,63,134.80988706841032,63.38571999999999,0.6134006381034851,38.232865691165216,0.02070000022649765,94.8906021118164,339.4112548828125,1615.5494384765625,True,1.4206874449964408,True,True,True,True,True,94.8906021118164
